step,object,x,y,zoom,page,question,answer,alt_text,layer1_button,layer1_content,layer2_button,layer2_content,clip_start,clip_end,loop
paso,objeto,x,y,zoom,pagina,pregunta,respuesta,texto_alt,boton1,contenido1,boton2,contenido2,inicio_clip,fin_clip,bucle
1,img6380,0.5456717277729926,0.4771871165716202,1.9025573722468343,,"Who is the deity depicted on this vessel, and what does it represent?","The deity depicted on this double-spouted vessel is a hybrid figure combining the attributes of the pampas cat and the river otter — a motif known as the Spotted Cat in Nasca ceramic iconography. Identifiable by its spotted body and upswept whiskers, this figure is associated with fertility and vegetation. The presence of grains or plants near the figure's feet reinforces its role as a bringer of agricultural abundance. (Carmichael 2016; Silverman 1993, 230)",,Learn more,spoon-man-learn-more.md,Go deeper,spoon-man-bibliography.md,,,
2,screenshot-20260511-at-40035-pm,0.5320433717542118,0.542000532273768,0.9,,Who were the elite of the Nazca at the time and where were they getting these vessels produced for their needs?,"Unlike centralized empires, the Nazca civilization probably operated through regional elites tied to religion and ceremonial authority rather than kings. Archaeological evidence from Cahuachi suggests that priests and influential lineages organized rituals that brought communities together. Elite individuals were buried with highly decorated ceramics, textiles, and ritual items, showing that pottery served as a marker of prestige and spiritual power.
Archaeologists believe Nazca elites emerged through religious authority connected to large ceremonial centers rather than through military conquest or centralized monarchy. Sites such as Cahuachi functioned as pilgrimage centers where rituals involving music, feasting, offerings, and possibly human sacrifice were conducted. Individuals who organized these ceremonies likely formed the upper class of Nazca society.
Elite status is visible through burial contexts containing elaborate ceramics with sophisticated polychrome painting techniques. These vessels were not ordinary household objects; many were created specifically for ritual use or burial offerings. Scenes painted on ceramics included supernatural figures, trophy heads, marine life, agricultural imagery, and sacred animals such as hummingbirds and killer whales. The imagery communicated shared religious beliefs and reinforced elite authority by connecting rulers or priests with divine powers.
Production of these ceramics probably occurred in specialized workshops near ceremonial centers. Skilled artisans used hand-coiling techniques, mineral-based pigments, and controlled firing methods to produce some of the most colorful pottery in the ancient Americas. Because Nazca writing was symbolic rather than phonetic, ceramics became an essential visual language through which elites transmitted ideology, religious identity, and social order.
",,Learn more,spoon-man-sources.md,,,,,
3,screenshot-20260512-at-83621-pm,0.5111396633687234,0.43285188711985795,0.9,,Was this object part of an organized trade system within the Nazca region or people?,"Based on evidence by Kevin Vaughn, Nasca ceramics were part of a specialized distribution system in the Andes region rather than a large trading system. Cahuachi was a ceremonial center of the Nasca people, where there likely was a central production area shown by the 84% of sampled ceramics that shared a similar makeup (Vaughn and Neff 2004). While the ceramics were widely distributed, they mainly served as symbols of Nasca ideology rather than a trading system with other populations. Additionally Lidio Valdez stated that in neighboring regions like the Acari Valley, Nazca ceramics were limited and likely were owned by the local elites seeking prestige through exotic goods (Valdez 2009). The distribution of these ceramics often occurred through ritual pilgrimages with high social and religious significance to the Nazca (Valdez 2009).",,Learn more,spoon-man-step3-layer1.md,Go deeper,spoon-man-step3-layer2.md,,,
4,screenshot-20260512-at-83634-pm,0.5131027912395946,0.4843907250102737,1.0407268170426065,,Is this just a variation of something used in everyday life specifically for ceremonial use or only used for ceremonial purposes and a civilian would have no clue what this is?,"There is large body of evidence to suggest the use of these vessels in ritual culture. As illustrated by Richard Townsend, the figures you see on some painted Nazca vessels represent ritual performers, a common one being a performer in a whiskered feline mask, or the “spotted cat” (Carmichael, 2016). There is no doubt in feline, costumed performers in a ritual context in Nazca culture, and the visual imagery found on ceramic objects echoes that of the ritual performers (Townsend, 1985).
",,Learn more,spoon-man-step4-layer1.md,Go deeper,spoon-man-step4-layer2.md,,,
5,,0.5,0.5,1,,How were ceramic objects created differently when distinguished for ceremonial purposes rather than everyday life?,"Ceremonial ceramics and everyday objects were created differently from the designs on the ceramics to the distribution. The ceremonial ceramics used for ritualistic purposes had intentional designs, featuring significant deities and symbols. Including deities and highly revered objects on the ceramics were important to the Nazca people and their rituals. It also distinguished who were worthy of buying and obtaining the ceramics. Everyday objects had less intention and significance behind their creation. Less attention needed to be placed on the smaller details or precision because these items were not central to a ceremony. 
",,Learn more,spoon-man-step5-layer1.md,,,,,